Samples/Tutorials/1.GetStarted/BookBorrowing.Domain.Test/BookBorrowing.Domain.Test.csproj	net9.0	-
Samples/Tutorials/1.GetStarted/BookBorrowing.Domain/BookBorrowing.Domain.csproj	net9.0	-
Samples/Tutorials/1.GetStarted/BookBorrowing.Web.Cosmos/BookBorrowing.Web.Cosmos.csproj	net9.0	-
Samples/Tutorials/1.GetStarted/BookBorrowing.Web.Dynamo/BookBorrowing.Web.Dynamo.csproj	net9.0	-
Samples/Tutorials/2.SekibanEventSourcingBasics/SekibanEventSourcingBasics.Cosmos.Web/SekibanEventSourcingBasics.Cosmos.Web.csproj	net9.0	-
Samples/Tutorials/2.SekibanEventSourcingBasics/SekibanEventSourcingBasics.Domain/SekibanEventSourcingBasics.Domain.csproj	-	net8.0;net9.0
Samples/Tutorials/2.SekibanEventSourcingBasics/SekibanEventSourcingBasics.Testing/SekibanEventSourcingBasics.Testing.csproj	net9.0	-
Samples/Tutorials/3.PostgresSample/Postgres.Sample/Postgres.Sample.Domain.Test/Postgres.Sample.Domain.Test.csproj	net9.0	-
Samples/Tutorials/3.PostgresSample/Postgres.Sample/Postgres.Sample.Domain/Postgres.Sample.Domain.csproj	net9.0	-
Samples/Tutorials/3.PostgresSample/Postgres.Sample/Postgres.Sample/Postgres.Sample.csproj	net9.0	-
Samples/Tutorials/Aspire8AndSekibanSample/AspireAndSekibanSample.ApiService.Postgres/AspireAndSekibanSample.ApiService.Postgres.csproj	net8.0	-
Samples/Tutorials/Aspire8AndSekibanSample/AspireAndSekibanSample.ApiService/AspireAndSekibanSample.ApiService.csproj	net8.0	-
Samples/Tutorials/Aspire8AndSekibanSample/AspireAndSekibanSample.AppHost/AspireAndSekibanSample.AppHost.csproj	net8.0	-
Samples/Tutorials/Aspire8AndSekibanSample/AspireAndSekibanSample.Domain/AspireAndSekibanSample.Domain.csproj	net8.0	-
Samples/Tutorials/Aspire8AndSekibanSample/AspireAndSekibanSample.ServiceDefaults/AspireAndSekibanSample.ServiceDefaults.csproj	net8.0	-
Samples/Tutorials/Aspire8AndSekibanSample/AspireAndSekibanSample.Web/AspireAndSekibanSample.Web.csproj	net8.0	-
Samples/Tutorials/Aspire9SekibanExample/Aspire9SekibanExample.ApiService/Aspire9SekibanExample.ApiService.csproj	net9.0	-
Samples/Tutorials/Aspire9SekibanExample/Aspire9SekibanExample.AppHost/Aspire9SekibanExample.AppHost.csproj	net9.0	-
Samples/Tutorials/Aspire9SekibanExample/Aspire9SekibanExample.ServiceDefaults/Aspire9SekibanExample.ServiceDefaults.csproj	net9.0	-
Samples/Tutorials/Aspire9SekibanExample/Aspire9SekibanExample.Web/Aspire9SekibanExample.Web.csproj	net9.0	-
Samples/Tutorials/Aspire9SekibanExample/SampleDomain/SampleDomain.csproj	net9.0	-
Samples/Tutorials/AspireEventSample/AspireEventSample.ApiService/AspireEventSample.ApiService.csproj	net9.0	-
Samples/Tutorials/AspireEventSample/AspireEventSample.AppHost/AspireEventSample.AppHost.csproj	net9.0	-
Samples/Tutorials/AspireEventSample/AspireEventSample.NUnitTest/AspireEventSample.NUnitTest.csproj	net9.0	-
Samples/Tutorials/AspireEventSample/AspireEventSample.ServiceDefaults/AspireEventSample.ServiceDefaults.csproj	net9.0	-
Samples/Tutorials/AspireEventSample/AspireEventSample.UnitTest/AspireEventSample.UnitTest.csproj	net9.0	-
Samples/Tutorials/AspireEventSample/AspireEventSample.Web/AspireEventSample.Web.csproj	net9.0	-
internalUsages/FeatureCheck.Domain/FeatureCheck.Domain.csproj	-	net8.0;net9.0
internalUsages/FeatureCheck.WebApi.AspireTest/FeatureCheck.WebApi.AspireTest.csproj	net9.0	-
internalUsages/FeatureCheck.WebApi.Dynamo/FeatureCheck.WebApi.Dynamo.csproj	net9.0	-
internalUsages/FeatureCheck.WebApi.OpenApi9/FeatureCheck.WebApi.OpenApi9.csproj	net9.0	-
internalUsages/FeatureCheck.WebApi.Postgres/FeatureCheck.WebApi.Postgres.csproj	net9.0	-
internalUsages/FeatureCheck.WebApi/FeatureCheck.WebApi.csproj	net9.0	-
internalUsages/MemStat.Console/MemStat.Console.csproj	net9.0	-
internalUsages/MemStat.Net.Web/MemStat.Net.Web.csproj	net9.0	-
internalUsages/Mixed.Domain/Mixed.Domain.csproj	-	net8.0;net9.0
internalUsages/MultiContext.WebApi/MultiContext.WebApi.csproj	net9.0	-
internalUsages/MultiTenant.Domain/MultiTenant.Domain.csproj	-	net9.0;net8.0
internalUsages/MultiTenant.WebApi/MultiTenant.WebApi.csproj	net9.0	-
internalUsages/SampleProject.Common/SampleProject.Common.csproj	-	net9.0;net8.0
internalUsages/Shipping.Domain/Shipping.Domain.csproj	-	net8.0;net9.0
internalUsages/Shipping.Port/Shipping.Port.csproj	-	net8.0;net9.0
internalUsages/Warehouse.Domain/Warehouse.Domain.csproj	-	net8.0;net9.0
internalUsages/Warehouse.Port/Warehouse.Port.csproj	-	net8.0;net9.0
src/MemStat.Net/MemStat.Net.csproj	-	net8.0;net9.0
src/Sekiban.Aspire.Infrastructure.Cosmos/Sekiban.Aspire.Infrastructure.Cosmos.csproj	-	net8.0;net9.0
src/Sekiban.Core.DotNet/Sekiban.Core.DotNet.csproj	-	net8.0;net9.0
src/Sekiban.Core/Sekiban.Core.csproj	-	net8.0;net9.0
src/Sekiban.Infrastructure.Aws.S3/Sekiban.Infrastructure.Aws.S3.csproj	-	net8.0;net9.0
src/Sekiban.Infrastructure.Azure.Storage.Blobs/Sekiban.Infrastructure.Azure.Storage.Blobs.csproj	-	net8.0;net9.0
src/Sekiban.Infrastructure.Cosmos/Sekiban.Infrastructure.Cosmos.csproj	-	net8.0;net9.0
src/Sekiban.Infrastructure.Dynamo/Sekiban.Infrastructure.Dynamo.csproj	-	net8.0;net9.0
src/Sekiban.Infrastructure.IndexedDb/Sekiban.Infrastructure.IndexedDb.csproj	-	net8.0;net9.0
src/Sekiban.Infrastructure.Postgres.MigrationHost/Sekiban.Infrastructure.Postgres.MigrationHost.csproj	net9.0	-
src/Sekiban.Infrastructure.Postgres/Sekiban.Infrastructure.Postgres.csproj	-	net8.0;net9.0
src/Sekiban.Testing/Sekiban.Testing.csproj	-	net8.0;net9.0
src/Sekiban.Web/Sekiban.Web.csproj	-	net8.0;net9.0
tests/AotTechnicalTesting/AotTechnicalTesting.csproj	net9.0	-
tests/FeatureCheck.Test/FeatureCheck.Test.csproj	-	net8.0;net9.0
tests/MemStat.Net.Test/MemStat.Net.Test.csproj	net9.0	-
tests/Mixed.Test/Mixed.Test.csproj	-	net8.0;net9.0
tests/MultiTenant.AggregateTest/MultiTenant.AggregateTest.csproj	-	net8.0;net9.0
tests/Sekiban.Test.Abstructs/Sekiban.Test.Abstructs.csproj	-	net8.0;net9.0
tests/Sekiban.Test.CosmosDb/Sekiban.Test.CosmosDb.csproj	-	net8.0;net9.0
tests/Sekiban.Test.Dynamo/Sekiban.Test.Dynamo.csproj	-	net8.0;net9.0
tests/Sekiban.Test.IndexedDb/Sekiban.Test.IndexedDb.csproj	-	net8.0;net9.0
tests/Sekiban.Test.Postgres/Sekiban.Test.Postgres.csproj	-	net8.0;net9.0
tools/ConvertAndCopyCosmosItems/ConvertAndCopyCosmosItems.csproj	net8.0	-
tools/ProjectionFromJsonL/ProjectionFromJsonL.csproj	net9.0	-
