Samples/Tutorials/1.GetStarted/BookBorrowing.Domain.Test/BookBorrowing.Domain.Test.csproj	Microsoft.NET.Test.Sdk	17.11.1
Samples/Tutorials/1.GetStarted/BookBorrowing.Domain.Test/BookBorrowing.Domain.Test.csproj	Sekiban.Testing	0.22.1
Samples/Tutorials/1.GetStarted/BookBorrowing.Domain.Test/BookBorrowing.Domain.Test.csproj	coverlet.collector	6.0.2
Samples/Tutorials/1.GetStarted/BookBorrowing.Domain.Test/BookBorrowing.Domain.Test.csproj	xunit	2.9.2
Samples/Tutorials/1.GetStarted/BookBorrowing.Domain.Test/BookBorrowing.Domain.Test.csproj	xunit.runner.visualstudio	2.8.2
Samples/Tutorials/1.GetStarted/BookBorrowing.Domain/BookBorrowing.Domain.csproj	Sekiban.Core	0.22.1
Samples/Tutorials/1.GetStarted/BookBorrowing.Web.Cosmos/BookBorrowing.Web.Cosmos.csproj	Microsoft.AspNetCore.OpenApi	9.0.0
Samples/Tutorials/1.GetStarted/BookBorrowing.Web.Cosmos/BookBorrowing.Web.Cosmos.csproj	Sekiban.Infrastructure.Cosmos	0.22.1
Samples/Tutorials/1.GetStarted/BookBorrowing.Web.Cosmos/BookBorrowing.Web.Cosmos.csproj	Sekiban.Web	0.22.1
Samples/Tutorials/1.GetStarted/BookBorrowing.Web.Cosmos/BookBorrowing.Web.Cosmos.csproj	Swashbuckle.AspNetCore	7.0.0
Samples/Tutorials/1.GetStarted/BookBorrowing.Web.Dynamo/BookBorrowing.Web.Dynamo.csproj	Microsoft.AspNetCore.OpenApi	9.0.0
Samples/Tutorials/1.GetStarted/BookBorrowing.Web.Dynamo/BookBorrowing.Web.Dynamo.csproj	Sekiban.Infrastructure.Dynamo	0.22.1
Samples/Tutorials/1.GetStarted/BookBorrowing.Web.Dynamo/BookBorrowing.Web.Dynamo.csproj	Sekiban.Web	0.22.1
Samples/Tutorials/1.GetStarted/BookBorrowing.Web.Dynamo/BookBorrowing.Web.Dynamo.csproj	Swashbuckle.AspNetCore	7.0.0
Samples/Tutorials/2.SekibanEventSourcingBasics/SekibanEventSourcingBasics.Cosmos.Web/SekibanEventSourcingBasics.Cosmos.Web.csproj	Microsoft.AspNetCore.OpenApi	9.0.0
Samples/Tutorials/2.SekibanEventSourcingBasics/SekibanEventSourcingBasics.Cosmos.Web/SekibanEventSourcingBasics.Cosmos.Web.csproj	Sekiban.Infrastructure.Cosmos	0.22.1
Samples/Tutorials/2.SekibanEventSourcingBasics/SekibanEventSourcingBasics.Cosmos.Web/SekibanEventSourcingBasics.Cosmos.Web.csproj	Sekiban.Web	0.22.1
Samples/Tutorials/2.SekibanEventSourcingBasics/SekibanEventSourcingBasics.Cosmos.Web/SekibanEventSourcingBasics.Cosmos.Web.csproj	Swashbuckle.AspNetCore	7.0.0
Samples/Tutorials/2.SekibanEventSourcingBasics/SekibanEventSourcingBasics.Domain/SekibanEventSourcingBasics.Domain.csproj	Sekiban.Core	0.22.1
Samples/Tutorials/2.SekibanEventSourcingBasics/SekibanEventSourcingBasics.Testing/SekibanEventSourcingBasics.Testing.csproj	Microsoft.NET.Test.Sdk	17.11.1
Samples/Tutorials/2.SekibanEventSourcingBasics/SekibanEventSourcingBasics.Testing/SekibanEventSourcingBasics.Testing.csproj	Sekiban.Testing	0.22.1
Samples/Tutorials/2.SekibanEventSourcingBasics/SekibanEventSourcingBasics.Testing/SekibanEventSourcingBasics.Testing.csproj	coverlet.collector	6.0.2
Samples/Tutorials/2.SekibanEventSourcingBasics/SekibanEventSourcingBasics.Testing/SekibanEventSourcingBasics.Testing.csproj	xunit	2.9.2
Samples/Tutorials/2.SekibanEventSourcingBasics/SekibanEventSourcingBasics.Testing/SekibanEventSourcingBasics.Testing.csproj	xunit.runner.visualstudio	2.8.2
Samples/Tutorials/3.PostgresSample/Postgres.Sample/Postgres.Sample.Domain.Test/Postgres.Sample.Domain.Test.csproj	Microsoft.NET.Test.Sdk	17.11.1
Samples/Tutorials/3.PostgresSample/Postgres.Sample/Postgres.Sample.Domain.Test/Postgres.Sample.Domain.Test.csproj	Sekiban.Testing	0.22.1
Samples/Tutorials/3.PostgresSample/Postgres.Sample/Postgres.Sample.Domain.Test/Postgres.Sample.Domain.Test.csproj	coverlet.collector	6.0.2
Samples/Tutorials/3.PostgresSample/Postgres.Sample/Postgres.Sample.Domain.Test/Postgres.Sample.Domain.Test.csproj	xunit	2.9.2
Samples/Tutorials/3.PostgresSample/Postgres.Sample/Postgres.Sample.Domain.Test/Postgres.Sample.Domain.Test.csproj	xunit.runner.visualstudio	2.8.2
Samples/Tutorials/3.PostgresSample/Postgres.Sample/Postgres.Sample.Domain/Postgres.Sample.Domain.csproj	Sekiban.Core	0.22.1
Samples/Tutorials/3.PostgresSample/Postgres.Sample/Postgres.Sample/Postgres.Sample.csproj	Sekiban.Infrastructure.Postgres	0.22.1
Samples/Tutorials/3.PostgresSample/Postgres.Sample/Postgres.Sample/Postgres.Sample.csproj	Sekiban.Web	0.22.1
Samples/Tutorials/3.PostgresSample/Postgres.Sample/Postgres.Sample/Postgres.Sample.csproj	Swashbuckle.AspNetCore	7.0.0
Samples/Tutorials/Aspire8AndSekibanSample/AspireAndSekibanSample.ApiService.Postgres/AspireAndSekibanSample.ApiService.Postgres.csproj	Aspire.Npgsql.EntityFrameworkCore.PostgreSQL	8.1.0
Samples/Tutorials/Aspire8AndSekibanSample/AspireAndSekibanSample.ApiService.Postgres/AspireAndSekibanSample.ApiService.Postgres.csproj	Microsoft.AspNetCore.OpenApi	8.0.7
Samples/Tutorials/Aspire8AndSekibanSample/AspireAndSekibanSample.ApiService.Postgres/AspireAndSekibanSample.ApiService.Postgres.csproj	Sekiban.Aspire.Infrastructure.Cosmos	0.20.3
Samples/Tutorials/Aspire8AndSekibanSample/AspireAndSekibanSample.ApiService.Postgres/AspireAndSekibanSample.ApiService.Postgres.csproj	Sekiban.Core	0.20.3
Samples/Tutorials/Aspire8AndSekibanSample/AspireAndSekibanSample.ApiService.Postgres/AspireAndSekibanSample.ApiService.Postgres.csproj	Sekiban.Infrastructure.Postgres	0.20.3
Samples/Tutorials/Aspire8AndSekibanSample/AspireAndSekibanSample.ApiService.Postgres/AspireAndSekibanSample.ApiService.Postgres.csproj	Sekiban.Web	0.20.3
Samples/Tutorials/Aspire8AndSekibanSample/AspireAndSekibanSample.ApiService.Postgres/AspireAndSekibanSample.ApiService.Postgres.csproj	Swashbuckle.AspNetCore	6.6.2
Samples/Tutorials/Aspire8AndSekibanSample/AspireAndSekibanSample.ApiService/AspireAndSekibanSample.ApiService.csproj	Microsoft.AspNetCore.OpenApi	8.0.7
Samples/Tutorials/Aspire8AndSekibanSample/AspireAndSekibanSample.ApiService/AspireAndSekibanSample.ApiService.csproj	Sekiban.Aspire.Infrastructure.Cosmos	0.20.3
Samples/Tutorials/Aspire8AndSekibanSample/AspireAndSekibanSample.ApiService/AspireAndSekibanSample.ApiService.csproj	Sekiban.Infrastructure.Postgres	0.20.3
Samples/Tutorials/Aspire8AndSekibanSample/AspireAndSekibanSample.ApiService/AspireAndSekibanSample.ApiService.csproj	Sekiban.Web	0.20.3
Samples/Tutorials/Aspire8AndSekibanSample/AspireAndSekibanSample.AppHost/AspireAndSekibanSample.AppHost.csproj	Aspire.Hosting.AppHost	8.1.0
Samples/Tutorials/Aspire8AndSekibanSample/AspireAndSekibanSample.AppHost/AspireAndSekibanSample.AppHost.csproj	Aspire.Hosting.Azure.CosmosDB	8.1.0
Samples/Tutorials/Aspire8AndSekibanSample/AspireAndSekibanSample.AppHost/AspireAndSekibanSample.AppHost.csproj	Aspire.Hosting.PostgreSQL	8.1.0
Samples/Tutorials/Aspire8AndSekibanSample/AspireAndSekibanSample.Domain/AspireAndSekibanSample.Domain.csproj	Sekiban.Core	0.20.3
Samples/Tutorials/Aspire8AndSekibanSample/AspireAndSekibanSample.ServiceDefaults/AspireAndSekibanSample.ServiceDefaults.csproj	Microsoft.Extensions.Http.Resilience	8.7.0
Samples/Tutorials/Aspire8AndSekibanSample/AspireAndSekibanSample.ServiceDefaults/AspireAndSekibanSample.ServiceDefaults.csproj	Microsoft.Extensions.ServiceDiscovery	8.1.0
Samples/Tutorials/Aspire8AndSekibanSample/AspireAndSekibanSample.ServiceDefaults/AspireAndSekibanSample.ServiceDefaults.csproj	OpenTelemetry.Exporter.OpenTelemetryProtocol	1.9.0
Samples/Tutorials/Aspire8AndSekibanSample/AspireAndSekibanSample.ServiceDefaults/AspireAndSekibanSample.ServiceDefaults.csproj	OpenTelemetry.Extensions.Hosting	1.9.0
Samples/Tutorials/Aspire8AndSekibanSample/AspireAndSekibanSample.ServiceDefaults/AspireAndSekibanSample.ServiceDefaults.csproj	OpenTelemetry.Instrumentation.AspNetCore	1.9.0
Samples/Tutorials/Aspire8AndSekibanSample/AspireAndSekibanSample.ServiceDefaults/AspireAndSekibanSample.ServiceDefaults.csproj	OpenTelemetry.Instrumentation.GrpcNetClient	1.8.0-beta.1
Samples/Tutorials/Aspire8AndSekibanSample/AspireAndSekibanSample.ServiceDefaults/AspireAndSekibanSample.ServiceDefaults.csproj	OpenTelemetry.Instrumentation.Http	1.9.0
Samples/Tutorials/Aspire8AndSekibanSample/AspireAndSekibanSample.ServiceDefaults/AspireAndSekibanSample.ServiceDefaults.csproj	OpenTelemetry.Instrumentation.Runtime	1.9.0
Samples/Tutorials/Aspire9SekibanExample/Aspire9SekibanExample.ApiService/Aspire9SekibanExample.ApiService.csproj	Microsoft.AspNetCore.OpenApi	9.0.0
Samples/Tutorials/Aspire9SekibanExample/Aspire9SekibanExample.ApiService/Aspire9SekibanExample.ApiService.csproj	Scalar.AspNetCore	1.2.37
Samples/Tutorials/Aspire9SekibanExample/Aspire9SekibanExample.ApiService/Aspire9SekibanExample.ApiService.csproj	Sekiban.Infrastructure.Postgres	0.22.1
Samples/Tutorials/Aspire9SekibanExample/Aspire9SekibanExample.ApiService/Aspire9SekibanExample.ApiService.csproj	Sekiban.Web	0.22.1
Samples/Tutorials/Aspire9SekibanExample/Aspire9SekibanExample.ApiService/Aspire9SekibanExample.ApiService.csproj	Swashbuckle.AspNetCore.SwaggerUI	7.0.0
Samples/Tutorials/Aspire9SekibanExample/Aspire9SekibanExample.AppHost/Aspire9SekibanExample.AppHost.csproj	Aspire.Hosting.AppHost	9.0.0
Samples/Tutorials/Aspire9SekibanExample/Aspire9SekibanExample.AppHost/Aspire9SekibanExample.AppHost.csproj	Aspire.Hosting.PostgreSQL	9.0.0
Samples/Tutorials/Aspire9SekibanExample/Aspire9SekibanExample.ServiceDefaults/Aspire9SekibanExample.ServiceDefaults.csproj	Microsoft.Extensions.Http.Resilience	9.0.0
Samples/Tutorials/Aspire9SekibanExample/Aspire9SekibanExample.ServiceDefaults/Aspire9SekibanExample.ServiceDefaults.csproj	Microsoft.Extensions.ServiceDiscovery	9.0.0
Samples/Tutorials/Aspire9SekibanExample/Aspire9SekibanExample.ServiceDefaults/Aspire9SekibanExample.ServiceDefaults.csproj	OpenTelemetry.Exporter.OpenTelemetryProtocol	1.9.0
Samples/Tutorials/Aspire9SekibanExample/Aspire9SekibanExample.ServiceDefaults/Aspire9SekibanExample.ServiceDefaults.csproj	OpenTelemetry.Extensions.Hosting	1.9.0
Samples/Tutorials/Aspire9SekibanExample/Aspire9SekibanExample.ServiceDefaults/Aspire9SekibanExample.ServiceDefaults.csproj	OpenTelemetry.Instrumentation.AspNetCore	1.9.0
Samples/Tutorials/Aspire9SekibanExample/Aspire9SekibanExample.ServiceDefaults/Aspire9SekibanExample.ServiceDefaults.csproj	OpenTelemetry.Instrumentation.Http	1.9.0
Samples/Tutorials/Aspire9SekibanExample/Aspire9SekibanExample.ServiceDefaults/Aspire9SekibanExample.ServiceDefaults.csproj	OpenTelemetry.Instrumentation.Runtime	1.9.0
Samples/Tutorials/Aspire9SekibanExample/SampleDomain/SampleDomain.csproj	Sekiban.Core	0.22.1
Samples/Tutorials/AspireEventSample/AspireEventSample.ApiService/AspireEventSample.ApiService.csproj	Aspire.Azure.Data.Tables	9.0.0
Samples/Tutorials/AspireEventSample/AspireEventSample.ApiService/AspireEventSample.ApiService.csproj	Aspire.Azure.Storage.Blobs	9.0.0
Samples/Tutorials/AspireEventSample/AspireEventSample.ApiService/AspireEventSample.ApiService.csproj	Microsoft.AspNetCore.OpenApi	9.0.0
Samples/Tutorials/AspireEventSample/AspireEventSample.ApiService/AspireEventSample.ApiService.csproj	Microsoft.Orleans.Clustering.AzureStorage	9.0.1
Samples/Tutorials/AspireEventSample/AspireEventSample.ApiService/AspireEventSample.ApiService.csproj	Microsoft.Orleans.Persistence.AzureStorage	9.0.1
Samples/Tutorials/AspireEventSample/AspireEventSample.ApiService/AspireEventSample.ApiService.csproj	Microsoft.Orleans.Persistence.Memory	9.0.1
Samples/Tutorials/AspireEventSample/AspireEventSample.ApiService/AspireEventSample.ApiService.csproj	Microsoft.Orleans.Server	9.0.1
Samples/Tutorials/AspireEventSample/AspireEventSample.ApiService/AspireEventSample.ApiService.csproj	Microsoft.Orleans.Streaming	9.0.1
Samples/Tutorials/AspireEventSample/AspireEventSample.ApiService/AspireEventSample.ApiService.csproj	OrleansDashboard	8.2.0
Samples/Tutorials/AspireEventSample/AspireEventSample.ApiService/AspireEventSample.ApiService.csproj	Scalar.AspNetCore	2.0.1
Samples/Tutorials/AspireEventSample/AspireEventSample.ApiService/AspireEventSample.ApiService.csproj	Sekiban.Pure.CosmosDb	1.0.0-preview8
Samples/Tutorials/AspireEventSample/AspireEventSample.ApiService/AspireEventSample.ApiService.csproj	Sekiban.Pure.Orleans	1.0.0-preview8
Samples/Tutorials/AspireEventSample/AspireEventSample.ApiService/AspireEventSample.ApiService.csproj	Sekiban.Pure.Postgres	1.0.0-preview8
Samples/Tutorials/AspireEventSample/AspireEventSample.ApiService/AspireEventSample.ApiService.csproj	Sekiban.Pure.SourceGenerator	1.0.0-preview8
Samples/Tutorials/AspireEventSample/AspireEventSample.AppHost/AspireEventSample.AppHost.csproj	Aspire.Hosting.AppHost	9.0.0
Samples/Tutorials/AspireEventSample/AspireEventSample.AppHost/AspireEventSample.AppHost.csproj	Aspire.Hosting.Azure.Storage	9.0.0
Samples/Tutorials/AspireEventSample/AspireEventSample.AppHost/AspireEventSample.AppHost.csproj	Aspire.Hosting.Orleans	9.0.0
Samples/Tutorials/AspireEventSample/AspireEventSample.AppHost/AspireEventSample.AppHost.csproj	Aspire.Hosting.PostgreSQL	9.0.0
Samples/Tutorials/AspireEventSample/AspireEventSample.NUnitTest/AspireEventSample.NUnitTest.csproj	Microsoft.NET.Test.Sdk	17.11.1
Samples/Tutorials/AspireEventSample/AspireEventSample.NUnitTest/AspireEventSample.NUnitTest.csproj	NUnit	4.3.2
Samples/Tutorials/AspireEventSample/AspireEventSample.NUnitTest/AspireEventSample.NUnitTest.csproj	NUnit.Analyzers	4.3.0
Samples/Tutorials/AspireEventSample/AspireEventSample.NUnitTest/AspireEventSample.NUnitTest.csproj	NUnit3TestAdapter	4.6.0
Samples/Tutorials/AspireEventSample/AspireEventSample.NUnitTest/AspireEventSample.NUnitTest.csproj	Sekiban.Pure.NUnit	1.0.0-preview7
Samples/Tutorials/AspireEventSample/AspireEventSample.NUnitTest/AspireEventSample.NUnitTest.csproj	Sekiban.Pure.Orleans.NUnit	1.0.0-preview7
Samples/Tutorials/AspireEventSample/AspireEventSample.NUnitTest/AspireEventSample.NUnitTest.csproj	coverlet.collector	6.0.2
Samples/Tutorials/AspireEventSample/AspireEventSample.ServiceDefaults/AspireEventSample.ServiceDefaults.csproj	Microsoft.Extensions.Http.Resilience	9.0.0
Samples/Tutorials/AspireEventSample/AspireEventSample.ServiceDefaults/AspireEventSample.ServiceDefaults.csproj	Microsoft.Extensions.ServiceDiscovery	9.0.0
Samples/Tutorials/AspireEventSample/AspireEventSample.ServiceDefaults/AspireEventSample.ServiceDefaults.csproj	OpenTelemetry.Exporter.OpenTelemetryProtocol	1.9.0
Samples/Tutorials/AspireEventSample/AspireEventSample.ServiceDefaults/AspireEventSample.ServiceDefaults.csproj	OpenTelemetry.Extensions.Hosting	1.9.0
Samples/Tutorials/AspireEventSample/AspireEventSample.ServiceDefaults/AspireEventSample.ServiceDefaults.csproj	OpenTelemetry.Instrumentation.AspNetCore	1.9.0
Samples/Tutorials/AspireEventSample/AspireEventSample.ServiceDefaults/AspireEventSample.ServiceDefaults.csproj	OpenTelemetry.Instrumentation.Http	1.9.0
Samples/Tutorials/AspireEventSample/AspireEventSample.ServiceDefaults/AspireEventSample.ServiceDefaults.csproj	OpenTelemetry.Instrumentation.Runtime	1.9.0
Samples/Tutorials/AspireEventSample/AspireEventSample.UnitTest/AspireEventSample.UnitTest.csproj	Microsoft.NET.Test.Sdk	17.13.0
Samples/Tutorials/AspireEventSample/AspireEventSample.UnitTest/AspireEventSample.UnitTest.csproj	Microsoft.Orleans.Serialization.TestKit	9.1.2
Samples/Tutorials/AspireEventSample/AspireEventSample.UnitTest/AspireEventSample.UnitTest.csproj	Sekiban.Pure.Orleans.xUnit	1.0.0-preview7
Samples/Tutorials/AspireEventSample/AspireEventSample.UnitTest/AspireEventSample.UnitTest.csproj	Sekiban.Pure.xUnit	1.0.0-preview7
Samples/Tutorials/AspireEventSample/AspireEventSample.UnitTest/AspireEventSample.UnitTest.csproj	coverlet.collector	6.0.4
Samples/Tutorials/AspireEventSample/AspireEventSample.UnitTest/AspireEventSample.UnitTest.csproj	xunit	2.9.3
Samples/Tutorials/AspireEventSample/AspireEventSample.UnitTest/AspireEventSample.UnitTest.csproj	xunit.runner.visualstudio	2.8.2
internalUsages/FeatureCheck.WebApi.AspireTest/FeatureCheck.WebApi.AspireTest.csproj	Microsoft.AspNetCore.OpenApi	9.0.1
internalUsages/FeatureCheck.WebApi.Dynamo/FeatureCheck.WebApi.Dynamo.csproj	Microsoft.AspNetCore.OpenApi	9.0.0
internalUsages/FeatureCheck.WebApi.Dynamo/FeatureCheck.WebApi.Dynamo.csproj	Swashbuckle.AspNetCore	7.2.0
internalUsages/FeatureCheck.WebApi.OpenApi9/FeatureCheck.WebApi.OpenApi9.csproj	Microsoft.AspNetCore.OpenApi	9.0.0
internalUsages/FeatureCheck.WebApi.OpenApi9/FeatureCheck.WebApi.OpenApi9.csproj	Scalar.AspNetCore	2.0.7
internalUsages/FeatureCheck.WebApi.Postgres/FeatureCheck.WebApi.Postgres.csproj	Microsoft.AspNetCore.OpenApi	9.0.0
internalUsages/FeatureCheck.WebApi.Postgres/FeatureCheck.WebApi.Postgres.csproj	Swashbuckle.AspNetCore	7.2.0
internalUsages/FeatureCheck.WebApi/FeatureCheck.WebApi.csproj	Microsoft.AspNetCore.OpenApi	9.0.0
internalUsages/FeatureCheck.WebApi/FeatureCheck.WebApi.csproj	Swashbuckle.AspNetCore	7.2.0
internalUsages/FeatureCheck.WebApi/FeatureCheck.WebApi.csproj	Swashbuckle.AspNetCore.Annotations	7.2.0
internalUsages/FeatureCheck.WebApi/FeatureCheck.WebApi.csproj	Swashbuckle.AspNetCore.Swagger	7.2.0
internalUsages/MemStat.Net.Web/MemStat.Net.Web.csproj	Microsoft.AspNetCore.OpenApi	9.0.0
internalUsages/MemStat.Net.Web/MemStat.Net.Web.csproj	Swashbuckle.AspNetCore	7.2.0
src/MemStat.Net/MemStat.Net.csproj	ComputerInfo	0.2.0
src/MemStat.Net/MemStat.Net.csproj	Microsoft.Extensions.DependencyInjection.Abstractions	9.0.0
src/MemStat.Net/MemStat.Net.csproj	Microsoft.Sbom.Targets	3.0.1
src/MemStat.Net/MemStat.Net.csproj	Microsoft.VisualBasic	10.3.0
src/MemStat.Net/MemStat.Net.csproj	ResultBoxes	0.3.31
src/Sekiban.Aspire.Infrastructure.Cosmos/Sekiban.Aspire.Infrastructure.Cosmos.csproj	Aspire.Azure.Storage.Blobs	9.0.0
src/Sekiban.Aspire.Infrastructure.Cosmos/Sekiban.Aspire.Infrastructure.Cosmos.csproj	Aspire.Microsoft.Azure.Cosmos	9.0.0
src/Sekiban.Aspire.Infrastructure.Cosmos/Sekiban.Aspire.Infrastructure.Cosmos.csproj	Microsoft.Sbom.Targets	3.0.1
src/Sekiban.Aspire.Infrastructure.Cosmos/Sekiban.Aspire.Infrastructure.Cosmos.csproj	Sekiban.Infrastructure.Cosmos	0.24.3
src/Sekiban.Aspire.Infrastructure.Cosmos/Sekiban.Aspire.Infrastructure.Cosmos.csproj	Sekiban.Web	0.24.3
src/Sekiban.Core.DotNet/Sekiban.Core.DotNet.csproj	MediatR	12.4.1
src/Sekiban.Core.DotNet/Sekiban.Core.DotNet.csproj	Microsoft.Extensions.Caching.Memory	9.0.1
src/Sekiban.Core.DotNet/Sekiban.Core.DotNet.csproj	Microsoft.Extensions.Configuration	9.0.1
src/Sekiban.Core.DotNet/Sekiban.Core.DotNet.csproj	Microsoft.Extensions.Configuration.Abstractions	9.0.1
src/Sekiban.Core.DotNet/Sekiban.Core.DotNet.csproj	Microsoft.Extensions.Configuration.Binder	9.0.1
src/Sekiban.Core.DotNet/Sekiban.Core.DotNet.csproj	Microsoft.Extensions.DependencyInjection	9.0.1
src/Sekiban.Core.DotNet/Sekiban.Core.DotNet.csproj	Microsoft.Extensions.Hosting	9.0.1
src/Sekiban.Core.DotNet/Sekiban.Core.DotNet.csproj	Microsoft.Sbom.Targets	3.0.1
src/Sekiban.Core.DotNet/Sekiban.Core.DotNet.csproj	ResultBoxes	0.3.31
src/Sekiban.Core.DotNet/Sekiban.Core.DotNet.csproj	SharpZipLib	1.4.2
src/Sekiban.Core.DotNet/Sekiban.Core.DotNet.csproj	System.Runtime.InteropServices	4.3.0
src/Sekiban.Core/Sekiban.Core.csproj	Microsoft.Sbom.Targets	3.0.1
src/Sekiban.Core/Sekiban.Core.csproj	Sekiban.Core.DotNet	0.24.3
src/Sekiban.Infrastructure.Aws.S3/Sekiban.Infrastructure.Aws.S3.csproj	AWSSDK.S3	3.7.413
src/Sekiban.Infrastructure.Aws.S3/Sekiban.Infrastructure.Aws.S3.csproj	Microsoft.Sbom.Targets	3.0.1
src/Sekiban.Infrastructure.Aws.S3/Sekiban.Infrastructure.Aws.S3.csproj	Sekiban.Core.DotNet	0.24.3
src/Sekiban.Infrastructure.Aws.S3/Sekiban.Infrastructure.Aws.S3.csproj	SharpZipLib	1.4.2
src/Sekiban.Infrastructure.Aws.S3/Sekiban.Infrastructure.Aws.S3.csproj	System.Configuration.ConfigurationManager	9.0.1
src/Sekiban.Infrastructure.Azure.Storage.Blobs/Sekiban.Infrastructure.Azure.Storage.Blobs.csproj	Azure.Storage.Blobs	12.23.0
src/Sekiban.Infrastructure.Azure.Storage.Blobs/Sekiban.Infrastructure.Azure.Storage.Blobs.csproj	Microsoft.Sbom.Targets	3.0.1
src/Sekiban.Infrastructure.Azure.Storage.Blobs/Sekiban.Infrastructure.Azure.Storage.Blobs.csproj	Sekiban.Core.DotNet	0.24.3
src/Sekiban.Infrastructure.Azure.Storage.Blobs/Sekiban.Infrastructure.Azure.Storage.Blobs.csproj	System.Configuration.ConfigurationManager	9.0.1
src/Sekiban.Infrastructure.Cosmos/Sekiban.Infrastructure.Cosmos.csproj	Microsoft.Azure.Cosmos	3.46.1
src/Sekiban.Infrastructure.Cosmos/Sekiban.Infrastructure.Cosmos.csproj	Microsoft.Extensions.Configuration	9.0.1
src/Sekiban.Infrastructure.Cosmos/Sekiban.Infrastructure.Cosmos.csproj	Microsoft.Extensions.Configuration.Binder	9.0.1
src/Sekiban.Infrastructure.Cosmos/Sekiban.Infrastructure.Cosmos.csproj	Microsoft.Sbom.Targets	3.0.1
src/Sekiban.Infrastructure.Cosmos/Sekiban.Infrastructure.Cosmos.csproj	Newtonsoft.Json	13.0.3
src/Sekiban.Infrastructure.Cosmos/Sekiban.Infrastructure.Cosmos.csproj	Sekiban.Core.DotNet	0.24.3
src/Sekiban.Infrastructure.Cosmos/Sekiban.Infrastructure.Cosmos.csproj	Sekiban.Infrastructure.Azure.Storage.Blobs	0.24.3
src/Sekiban.Infrastructure.Dynamo/Sekiban.Infrastructure.Dynamo.csproj	AWSSDK.DynamoDBv2	3.7.405.12
src/Sekiban.Infrastructure.Dynamo/Sekiban.Infrastructure.Dynamo.csproj	Microsoft.Sbom.Targets	3.0.1
src/Sekiban.Infrastructure.Dynamo/Sekiban.Infrastructure.Dynamo.csproj	Sekiban.Core.DotNet	0.24.3
src/Sekiban.Infrastructure.Dynamo/Sekiban.Infrastructure.Dynamo.csproj	Sekiban.Infrastructure.Aws.S3	0.24.3
src/Sekiban.Infrastructure.Dynamo/Sekiban.Infrastructure.Dynamo.csproj	System.Configuration.ConfigurationManager	9.0.1
src/Sekiban.Infrastructure.IndexedDb/Sekiban.Infrastructure.IndexedDb.csproj	Microsoft.AspNetCore.Components.WebAssembly	8.0.12
src/Sekiban.Infrastructure.IndexedDb/Sekiban.Infrastructure.IndexedDb.csproj	Microsoft.AspNetCore.Components.WebAssembly	9.0.1
src/Sekiban.Infrastructure.IndexedDb/Sekiban.Infrastructure.IndexedDb.csproj	Microsoft.Sbom.Targets	3.0.1
src/Sekiban.Infrastructure.IndexedDb/Sekiban.Infrastructure.IndexedDb.csproj	Sekiban.Core.DotNet	0.24.3
src/Sekiban.Infrastructure.IndexedDb/Sekiban.Infrastructure.IndexedDb.csproj	System.Configuration.ConfigurationManager	9.0.1
src/Sekiban.Infrastructure.Postgres.MigrationHost/Sekiban.Infrastructure.Postgres.MigrationHost.csproj	Microsoft.AspNetCore.OpenApi	9.0.1
src/Sekiban.Infrastructure.Postgres.MigrationHost/Sekiban.Infrastructure.Postgres.MigrationHost.csproj	Microsoft.EntityFrameworkCore.Design	9.0.1
src/Sekiban.Infrastructure.Postgres.MigrationHost/Sekiban.Infrastructure.Postgres.MigrationHost.csproj	Npgsql.EntityFrameworkCore.PostgreSQL	9.0.3
src/Sekiban.Infrastructure.Postgres.MigrationHost/Sekiban.Infrastructure.Postgres.MigrationHost.csproj	Swashbuckle.AspNetCore	7.2.0
src/Sekiban.Infrastructure.Postgres/Sekiban.Infrastructure.Postgres.csproj	Microsoft.EntityFrameworkCore	9.0.1
src/Sekiban.Infrastructure.Postgres/Sekiban.Infrastructure.Postgres.csproj	Microsoft.Sbom.Targets	3.0.1
src/Sekiban.Infrastructure.Postgres/Sekiban.Infrastructure.Postgres.csproj	Npgsql.EntityFrameworkCore.PostgreSQL	9.0.3
src/Sekiban.Infrastructure.Postgres/Sekiban.Infrastructure.Postgres.csproj	Sekiban.Core.DotNet	0.24.3
src/Sekiban.Infrastructure.Postgres/Sekiban.Infrastructure.Postgres.csproj	System.Configuration.ConfigurationManager	9.0.1
src/Sekiban.Testing/Sekiban.Testing.csproj	MartinCostello.Logging.XUnit	0.5.1
src/Sekiban.Testing/Sekiban.Testing.csproj	Microsoft.Extensions.Configuration.UserSecrets	9.0.1
src/Sekiban.Testing/Sekiban.Testing.csproj	Microsoft.Sbom.Targets	3.0.1
src/Sekiban.Testing/Sekiban.Testing.csproj	Sekiban.Core.DotNet	0.24.3
src/Sekiban.Testing/Sekiban.Testing.csproj	xunit.assert	2.9.3
src/Sekiban.Testing/Sekiban.Testing.csproj	xunit.extensibility.core	2.9.3
src/Sekiban.Testing/Sekiban.Testing.csproj	xunit.extensibility.execution	2.9.3
src/Sekiban.Web/Sekiban.Web.csproj	Jtechs.OpenApi.AspNetCore.Swashbuckle	0.2.5
src/Sekiban.Web/Sekiban.Web.csproj	Microsoft.Sbom.Targets	3.0.1
src/Sekiban.Web/Sekiban.Web.csproj	Sekiban.Core	0.24.3
src/Sekiban.Web/Sekiban.Web.csproj	Swashbuckle.AspNetCore	7.2.0
tests/AotTechnicalTesting/AotTechnicalTesting.csproj	Microsoft.NET.Test.Sdk	17.11.1
tests/AotTechnicalTesting/AotTechnicalTesting.csproj	coverlet.collector	6.0.4
tests/AotTechnicalTesting/AotTechnicalTesting.csproj	xunit	2.9.2
tests/AotTechnicalTesting/AotTechnicalTesting.csproj	xunit.runner.visualstudio	3.0.1
tests/FeatureCheck.Test/FeatureCheck.Test.csproj	Microsoft.NET.Test.Sdk	17.11.1
tests/FeatureCheck.Test/FeatureCheck.Test.csproj	coverlet.collector	6.0.4
tests/FeatureCheck.Test/FeatureCheck.Test.csproj	xunit	2.9.3
tests/FeatureCheck.Test/FeatureCheck.Test.csproj	xunit.runner.visualstudio	3.0.1
tests/MemStat.Net.Test/MemStat.Net.Test.csproj	Microsoft.Extensions.DependencyInjection	9.0.0
tests/MemStat.Net.Test/MemStat.Net.Test.csproj	Microsoft.NET.Test.Sdk	17.11.1
tests/MemStat.Net.Test/MemStat.Net.Test.csproj	coverlet.collector	6.0.4
tests/MemStat.Net.Test/MemStat.Net.Test.csproj	xunit	2.9.2
tests/MemStat.Net.Test/MemStat.Net.Test.csproj	xunit.runner.visualstudio	3.0.1
tests/Mixed.Test/Mixed.Test.csproj	Microsoft.NET.Test.Sdk	17.11.1
tests/Mixed.Test/Mixed.Test.csproj	coverlet.collector	6.0.4
tests/Mixed.Test/Mixed.Test.csproj	xunit	2.9.3
tests/Mixed.Test/Mixed.Test.csproj	xunit.assert	2.9.3
tests/Mixed.Test/Mixed.Test.csproj	xunit.runner.visualstudio	3.0.1
tests/MultiTenant.AggregateTest/MultiTenant.AggregateTest.csproj	Microsoft.NET.Test.Sdk	17.11.1
tests/MultiTenant.AggregateTest/MultiTenant.AggregateTest.csproj	coverlet.collector	6.0.4
tests/MultiTenant.AggregateTest/MultiTenant.AggregateTest.csproj	xunit	2.9.3
tests/MultiTenant.AggregateTest/MultiTenant.AggregateTest.csproj	xunit.runner.visualstudio	3.0.1
tests/Sekiban.Test.Abstructs/Sekiban.Test.Abstructs.csproj	Microsoft.DotNet.PlatformAbstractions	3.1.6
tests/Sekiban.Test.Abstructs/Sekiban.Test.Abstructs.csproj	Microsoft.NET.Test.Sdk	17.11.1
tests/Sekiban.Test.Abstructs/Sekiban.Test.Abstructs.csproj	coverlet.collector	6.0.4
tests/Sekiban.Test.Abstructs/Sekiban.Test.Abstructs.csproj	xunit	2.9.3
tests/Sekiban.Test.Abstructs/Sekiban.Test.Abstructs.csproj	xunit.runner.visualstudio	3.0.1
tests/Sekiban.Test.CosmosDb/Sekiban.Test.CosmosDb.csproj	MartinCostello.Logging.XUnit	0.5.1
tests/Sekiban.Test.CosmosDb/Sekiban.Test.CosmosDb.csproj	Microsoft.DotNet.PlatformAbstractions	3.1.6
tests/Sekiban.Test.CosmosDb/Sekiban.Test.CosmosDb.csproj	Microsoft.Extensions.Configuration	9.0.1
tests/Sekiban.Test.CosmosDb/Sekiban.Test.CosmosDb.csproj	Microsoft.Extensions.Configuration.EnvironmentVariables	9.0.1
tests/Sekiban.Test.CosmosDb/Sekiban.Test.CosmosDb.csproj	Microsoft.Extensions.Configuration.UserSecrets	9.0.1
tests/Sekiban.Test.CosmosDb/Sekiban.Test.CosmosDb.csproj	Microsoft.Extensions.DependencyInjection	9.0.1
tests/Sekiban.Test.CosmosDb/Sekiban.Test.CosmosDb.csproj	Microsoft.NET.Test.Sdk	17.11.1
tests/Sekiban.Test.CosmosDb/Sekiban.Test.CosmosDb.csproj	coverlet.collector	6.0.4
tests/Sekiban.Test.CosmosDb/Sekiban.Test.CosmosDb.csproj	xunit	2.9.3
tests/Sekiban.Test.CosmosDb/Sekiban.Test.CosmosDb.csproj	xunit.runner.visualstudio	3.0.1
tests/Sekiban.Test.Dynamo/Sekiban.Test.Dynamo.csproj	Microsoft.NET.Test.Sdk	17.11.1
tests/Sekiban.Test.Dynamo/Sekiban.Test.Dynamo.csproj	coverlet.collector	6.0.4
tests/Sekiban.Test.Dynamo/Sekiban.Test.Dynamo.csproj	xunit	2.9.3
tests/Sekiban.Test.Dynamo/Sekiban.Test.Dynamo.csproj	xunit.runner.visualstudio	3.0.1
tests/Sekiban.Test.IndexedDb/Sekiban.Test.IndexedDb.csproj	Microsoft.JavaScript.NodeApi	0.8.20
tests/Sekiban.Test.IndexedDb/Sekiban.Test.IndexedDb.csproj	Microsoft.NET.Test.Sdk	17.11.1
tests/Sekiban.Test.IndexedDb/Sekiban.Test.IndexedDb.csproj	coverlet.collector	6.0.4
tests/Sekiban.Test.IndexedDb/Sekiban.Test.IndexedDb.csproj	xunit	2.9.3
tests/Sekiban.Test.IndexedDb/Sekiban.Test.IndexedDb.csproj	xunit.runner.visualstudio	3.0.1
tests/Sekiban.Test.Postgres/Sekiban.Test.Postgres.csproj	Microsoft.NET.Test.Sdk	17.11.1
tests/Sekiban.Test.Postgres/Sekiban.Test.Postgres.csproj	coverlet.collector	6.0.4
tests/Sekiban.Test.Postgres/Sekiban.Test.Postgres.csproj	xunit	2.9.3
tests/Sekiban.Test.Postgres/Sekiban.Test.Postgres.csproj	xunit.runner.visualstudio	3.0.1
tools/ConvertAndCopyCosmosItems/ConvertAndCopyCosmosItems.csproj	Microsoft.Extensions.Configuration	9.0.1
tools/ConvertAndCopyCosmosItems/ConvertAndCopyCosmosItems.csproj	Microsoft.Extensions.DependencyInjection.Abstractions	9.0.1
